<?xml version="1.0" encoding="UTF-8"?>
<metadata modelVersion="1.1.0">
  <groupId>br.com.bbs.crypto</groupId>
  <artifactId>crypto-component</artifactId>
  <versioning>
    <lastUpdated>20230405233316</lastUpdated>
    <snapshot>
      <localCopy>true</localCopy>
    </snapshot>
    <snapshotVersions>
      <snapshotVersion>
        <extension>jar</extension>
        <value>0.0.4-SNAPSHOT</value>
        <updated>20230405233316</updated>
      </snapshotVersion>
      <snapshotVersion>
        <extension>pom</extension>
        <value>0.0.4-SNAPSHOT</value>
        <updated>20230405233316</updated>
      </snapshotVersion>
    </snapshotVersions>
  </versioning>
  <version>0.0.4-SNAPSHOT</version>
</metadata>
